old_path,new_path,action
.cursor/mcp.json,.cursor/mcp.json,keep
.env.local,.env.local,keep
.github/CODEOWNERS,.github/CODEOWNERS,keep
.github/ISSUE_TEMPLATE/phase-1-create-delete-states.yml,.github/ISSUE_TEMPLATE/phase-1-create-delete-states.yml,keep
.github/ISSUE_TEMPLATE/phase-1-default-state-ui.yml,.github/ISSUE_TEMPLATE/phase-1-default-state-ui.yml,keep
.github/ISSUE_TEMPLATE/phase-1-lock-guardrails.yml,.github/ISSUE_TEMPLATE/phase-1-lock-guardrails.yml,keep
.github/ISSUE_TEMPLATE/phase-1-persistence-verification.yml,.github/ISSUE_TEMPLATE/phase-1-persistence-verification.yml,keep
.github/ISSUE_TEMPLATE/phase-1-runtime-awareness.yml,.github/ISSUE_TEMPLATE/phase-1-runtime-awareness.yml,keep
.github/ISSUE_TEMPLATE/phase-1-state-editing.yml,.github/ISSUE_TEMPLATE/phase-1-state-editing.yml,keep
.github/ISSUE_TEMPLATE/phase-1-state-model.yml,.github/ISSUE_TEMPLATE/phase-1-state-model.yml,keep
.github/ISSUE_TEMPLATE/phase-1-state-panel-shell.yml,.github/ISSUE_TEMPLATE/phase-1-state-panel-shell.yml,keep
.github/ISSUE_TEMPLATE/phase-1-state-switching.yml,.github/ISSUE_TEMPLATE/phase-1-state-switching.yml,keep
.github/ISSUE_TEMPLATE/phase-1-undo-replay-audit.yml,.github/ISSUE_TEMPLATE/phase-1-undo-replay-audit.yml,keep
.github/ISSUE_TEMPLATE/phase-2-transition-audit.yml,.github/ISSUE_TEMPLATE/phase-2-transition-audit.yml,keep
.github/ISSUE_TEMPLATE/phase-2-transition-export.yml,.github/ISSUE_TEMPLATE/phase-2-transition-export.yml,keep
.github/ISSUE_TEMPLATE/phase-2-transition-guardrails.yml,.github/ISSUE_TEMPLATE/phase-2-transition-guardrails.yml,keep
.github/ISSUE_TEMPLATE/phase-2-transition-model.yml,.github/ISSUE_TEMPLATE/phase-2-transition-model.yml,keep
.github/ISSUE_TEMPLATE/phase-2-transition-preview.yml,.github/ISSUE_TEMPLATE/phase-2-transition-preview.yml,keep
.github/ISSUE_TEMPLATE/phase-2-transition-ui.yml,.github/ISSUE_TEMPLATE/phase-2-transition-ui.yml,keep
.github/PULL_REQUEST_TEMPLATE/n2-guardrails.md,.github/PULL_REQUEST_TEMPLATE/n2-guardrails.md,keep
.github/PULL_REQUEST_TEMPLATE/phase-1-audit.md,.github/PULL_REQUEST_TEMPLATE/phase-1-audit.md,keep
.github/PULL_REQUEST_TEMPLATE/phase-1-ui.md,.github/PULL_REQUEST_TEMPLATE/phase-1-ui.md,keep
.github/PULL_REQUEST_TEMPLATE/phase-1.md,.github/PULL_REQUEST_TEMPLATE/phase-1.md,keep
.github/PULL_REQUEST_TEMPLATE/phase-2-audit.md,.github/PULL_REQUEST_TEMPLATE/phase-2-audit.md,keep
.github/PULL_REQUEST_TEMPLATE/phase-2-export.md,.github/PULL_REQUEST_TEMPLATE/phase-2-export.md,keep
.github/PULL_REQUEST_TEMPLATE/phase-2-preview.md,.github/PULL_REQUEST_TEMPLATE/phase-2-preview.md,keep
.github/PULL_REQUEST_TEMPLATE/phase-2-ui.md,.github/PULL_REQUEST_TEMPLATE/phase-2-ui.md,keep
.github/PULL_REQUEST_TEMPLATE/phase-2.md,.github/PULL_REQUEST_TEMPLATE/phase-2.md,keep
.github/PULL_REQUEST_TEMPLATE/phase-7-animate-between-states.md,.github/PULL_REQUEST_TEMPLATE/phase-7-animate-between-states.md,keep
.github/labeler.yml,.github/labeler.yml,keep
.github/workflows/auto-label.yml,.github/workflows/auto-label.yml,keep
.github/workflows/ci.yml,.github/workflows/ci.yml,keep
.github/workflows/enforce-collaboration-labels.yml,.github/workflows/enforce-collaboration-labels.yml,keep
.gitignore,.gitignore,keep
.mcp.json,.mcp.json,keep
.vscode/mcp.json,.vscode/mcp.json,keep
.vscode/settings.json,.vscode/settings.json,keep
CONTRIBUTING.md,CONTRIBUTING.md,keep
README.md,README.md,keep
RULES_OF_DROPPLE_OS.md,RULES_OF_DROPPLE_OS.md,keep
ai/README.md,ai/README.md,keep
ai/generation/generateTemplateArtifact.ts,ai/generation/generateTemplateArtifact.ts,keep
ai/generation/generateVariants.ts,ai/generation/generateVariants.ts,keep
ai/prompts/ccmAuthorPrompt.ts,ai/prompts/ccmAuthorPrompt.ts,keep
app/README.md,app/README.md,keep
app/certificates/[id]/page.jsx,app/certificates/[id]/page.jsx,keep
app/certificates/page.jsx,app/certificates/page.jsx,keep
app/education/[lessonId]/page.jsx,app/education/[lessonId]/page.jsx,keep
app/favicon.ico,app/favicon.ico,keep
app/gallery/page.jsx,app/gallery/page.jsx,keep
app/globals.css,app/globals.css,keep
app/handler/[...stack]/page.js,app/handler/[...stack]/page.js,keep
app/layout.js,app/layout.js,keep
app/loading.js,app/loading.js,keep
app/marketplace/creator/[name]/page.jsx,app/marketplace/creator/[name]/page.jsx,keep
app/marketplace/lessons/[id]/page.jsx,app/marketplace/lessons/[id]/page.jsx,keep
app/marketplace/lessons/creator/[name]/page.jsx,app/marketplace/lessons/creator/[name]/page.jsx,keep
app/marketplace/lessons/page.jsx,app/marketplace/lessons/page.jsx,keep
app/marketplace/page.jsx,app/marketplace/page.jsx,keep
app/marketplace/template/[id]/page.jsx,app/marketplace/template/[id]/page.jsx,keep
app/page.jsx,app/page.jsx,keep
app/profile/[id]/page.jsx,app/profile/[id]/page.jsx,keep
app/providers.jsx,app/providers.jsx,keep
app/review/submissions/[id]/page.jsx,app/review/submissions/[id]/page.jsx,keep
app/reviews/[submissionId]/page.jsx,app/reviews/[submissionId]/page.jsx,keep
app/reviews/page.jsx,app/reviews/page.jsx,keep
app/verify/[certificateId]/page.jsx,app/verify/[certificateId]/page.jsx,keep
app/viewer/[galleryId]/ViewerClient.jsx,app/viewer/[galleryId]/ViewerClient.jsx,keep
app/viewer/[galleryId]/page.jsx,app/viewer/[galleryId]/page.jsx,keep
app/viewer/page.jsx,app/viewer/page.jsx,keep
app/workspace/[mode]/page.jsx,app/workspace/[mode]/page.jsx,keep
app/workspace/design/DesignWorkspaceClient.jsx,app/workspace/design/DesignWorkspaceClient.jsx,keep
app/workspace/design/page.jsx,app/workspace/design/page.jsx,keep
app/workspace/layout.jsx,app/workspace/layout.jsx,keep
app/workspace/new/page.jsx,app/workspace/new/page.jsx,keep
app/workspace/page.jsx,app/workspace/page.jsx,keep
audit/AuditLogPanel.jsx,audit/AuditLogPanel.jsx,keep
bench/alias-loader.mjs,bench/alias-loader.mjs,keep
bench/engineBench.js,bench/engineBench.js,keep
branching/conflicts/ConflictWarnings.jsx,branching/conflicts/ConflictWarnings.jsx,keep
branching/conflicts/detectBranchConflicts.js,branching/conflicts/detectBranchConflicts.js,keep
branching/graph/BranchGraph.jsx,branching/graph/BranchGraph.jsx,keep
branching/graph/buildBranchGraph.js,branching/graph/buildBranchGraph.js,keep
branching/merge/MergePreview 2.jsx,branching/merge/MergePreview 2.jsx,keep
branching/merge/MergePreview.jsx,branching/merge/MergePreview.jsx,keep
branching/merge/VisualNodeDiffOverlay.jsx,branching/merge/VisualNodeDiffOverlay.jsx,keep
branching/merge/applyMerge.js,branching/merge/applyMerge.js,keep
branching/merge/computeMergeDiff.js,branching/merge/computeMergeDiff.js,keep
branching/merge/computeNodeDiff.js,branching/merge/computeNodeDiff.js,keep
branching/merge/planMerge.js,branching/merge/planMerge.js,keep
branching/merge/simulateMergeState.js,branching/merge/simulateMergeState.js,keep
branching/ui/BranchSwitcher.jsx,branching/ui/BranchSwitcher.jsx,keep
branching/ui/CreateBranch.jsx,branching/ui/CreateBranch.jsx,keep
branching/ui/MergeBranch.jsx,branching/ui/MergeBranch.jsx,keep
branching/ui/useBranchState.js,branching/ui/useBranchState.js,keep
canvas/Canvas.jsx,canvas/Canvas.jsx,keep
canvas/render/layout/applyLayout.js,canvas/render/layout/applyLayout.js,keep
canvas/render/renderDesignCanvas.js,canvas/render/renderDesignCanvas.js,keep
canvas/render/renderNode.js,canvas/render/renderNode.js,keep
canvas/render/style/applyStyle.js,canvas/render/style/applyStyle.js,keep
canvas/render/types/renderImage.js,canvas/render/types/renderImage.js,keep
canvas/render/types/renderText.js,canvas/render/types/renderText.js,keep
canvas/test/renderTest.html,canvas/test/renderTest.html,keep
certification/SubmitAssessmentButton.jsx,certification/SubmitAssessmentButton.jsx,keep
certification/annotations/annotationTypes.ts,certification/annotations/annotationTypes.ts,keep
certification/annotations/useAnnotationStore.js,certification/annotations/useAnnotationStore.js,keep
certification/assessments/assessmentTypes.js,certification/assessments/assessmentTypes.js,keep
certification/certificates/certificateTypes.ts,certification/certificates/certificateTypes.ts,keep
certification/certificates/useCertificateStore.js,certification/certificates/useCertificateStore.js,keep
certification/replay/hashReplay.js,certification/replay/hashReplay.js,keep
certification/rubrics/rubricTypes.js,certification/rubrics/rubricTypes.js,keep
certification/submissions/SubmissionList.jsx,certification/submissions/SubmissionList.jsx,keep
certification/submissions/submissionTypes.js,certification/submissions/submissionTypes.js,keep
certification/submissions/useSubmissionStore.js,certification/submissions/useSubmissionStore.js,keep
collab/CanvasCursors.jsx,collab/CanvasCursors.jsx,keep
collab/CanvasIntentGhosts.jsx,collab/CanvasIntentGhosts.jsx,keep
collab/CanvasSelectionPresence.jsx,collab/CanvasSelectionPresence.jsx,keep
collab/CursorsLayer.jsx,collab/CursorsLayer.jsx,keep
collab/PresenceDots.jsx,collab/PresenceDots.jsx,keep
collab/applyMergedLog.js,collab/applyMergedLog.js,keep
collab/eventEnvelope.js,collab/eventEnvelope.js,keep
collab/eventLog.js,collab/eventLog.js,keep
collab/filterConflicts.js,collab/filterConflicts.js,keep
collab/lamportClock.js,collab/lamportClock.js,keep
collab/lockManager.js,collab/lockManager.js,keep
collab/mergeEvents.js,collab/mergeEvents.js,keep
collab/optimistic/createOptimisticTx.js,collab/optimistic/createOptimisticTx.js,keep
collab/optimistic/mergeOptimistic.js,collab/optimistic/mergeOptimistic.js,keep
collab/optimistic/optimisticStore.js,collab/optimistic/optimisticStore.js,keep
collab/optimistic/optimisticTransaction.js,collab/optimistic/optimisticTransaction.js,keep
collab/optimistic/reconcileOptimism.js,collab/optimistic/reconcileOptimism.js,keep
collab/permissionPolicy.js,collab/permissionPolicy.js,keep
collab/policyGate.js,collab/policyGate.js,keep
collab/presenceStore.js,collab/presenceStore.js,keep
collab/remoteEventAdapter.js,collab/remoteEventAdapter.js,keep
collab/throttle.js,collab/throttle.js,keep
collab/useDocumentRole.js,collab/useDocumentRole.js,keep
collab/useIntentPreview.js,collab/useIntentPreview.js,keep
collab/useLiveCursors.js,collab/useLiveCursors.js,keep
collab/usePresence.js,collab/usePresence.js,keep
collab/useRemoteEventCommit.js,collab/useRemoteEventCommit.js,keep
collab/useSelectionPresence.js,collab/useSelectionPresence.js,keep
collaboration/panels/SharingPanel.jsx,collaboration/panels/SharingPanel.jsx,keep
commands/CommandPalette.jsx,commands/CommandPalette.jsx,keep
commands/commandRegistry.js,commands/commandRegistry.js,keep
commands/filterCommands.js,commands/filterCommands.js,keep
commands/groupCommands.js,commands/groupCommands.js,keep
commands/useCommandPalette.js,commands/useCommandPalette.js,keep
convex/README.md,convex/README.md,keep
convex/_generated/api.d.ts,convex/_generated/api.d.ts,keep
convex/_generated/api.js,convex/_generated/api.js,keep
convex/_generated/dataModel.d.ts,convex/_generated/dataModel.d.ts,keep
convex/_generated/server.d.ts,convex/_generated/server.d.ts,keep
convex/_generated/server.js,convex/_generated/server.js,keep
convex/_helpers/assertOwnershipInvariant.js,convex/_helpers/assertOwnershipInvariant.js,keep
convex/_helpers/ensureOwnerMember.js,convex/_helpers/ensureOwnerMember.js,keep
convex/_helpers/permissions.js,convex/_helpers/permissions.js,keep
convex/analytics.js,convex/analytics.js,keep
convex/appendEvents.js,convex/appendEvents.js,keep
convex/assessments.js,convex/assessments.js,keep
convex/auth.config.ts,convex/auth.config.ts,keep
convex/certificates.ts,convex/certificates.ts,keep
convex/collaboration.js,convex/collaboration.js,keep
convex/convex.config.ts,convex/convex.config.ts,keep
convex/gallery.js,convex/gallery.js,keep
convex/getAuditLogs.js,convex/getAuditLogs.js,keep
convex/getDocumentMember.js,convex/getDocumentMember.js,keep
convex/getPresence.js,convex/getPresence.js,keep
convex/lib/assertPermission.js,convex/lib/assertPermission.js,keep
convex/lib/audit.ts,convex/lib/audit.ts,keep
convex/lib/permissions.js,convex/lib/permissions.js,keep
convex/lib/writeAuditLog.js,convex/lib/writeAuditLog.js,keep
convex/loadDocumentSnapshot.js,convex/loadDocumentSnapshot.js,keep
convex/migrations/repairMissingOwners.js,convex/migrations/repairMissingOwners.js,keep
convex/saveDocumentSnapshot.js,convex/saveDocumentSnapshot.js,keep
convex/schema.js,convex/schema.js,keep
convex/seed.js,convex/seed.js,keep
convex/streamEvents.js,convex/streamEvents.js,keep
convex/tasks.ts,convex/tasks.ts,keep
convex/tsconfig.json,convex/tsconfig.json,keep
convex/updateCursor.js,convex/updateCursor.js,keep
convex/updateIntent.js,convex/updateIntent.js,keep
convex/updatePresence.js,convex/updatePresence.js,keep
convex/updateSelection.js,convex/updateSelection.js,keep
core/README.md,core/README.md,keep
core/animation/AnimationSchema.js,core/animation/AnimationSchema.js,keep
core/ccm/migration/LegacyTemplateConverter.ts,core/ccm/migration/LegacyTemplateConverter.ts,keep
core/ccm/schema/template.v1.js,core/ccm/schema/template.v1.js,keep
core/ccm/schema/template.v1.ts,core/ccm/schema/template.v1.ts,keep
core/ccm/types.js,core/ccm/types.js,keep
core/ccm/types.ts,core/ccm/types.ts,keep
core/ccm/validate/schema/template.v1.js,core/ccm/validate/schema/template.v1.js,keep
core/ccm/validate/types.js,core/ccm/validate/types.js,keep
core/ccm/validate/validate/validateTemplateArtifact.js,core/ccm/validate/validate/validateTemplateArtifact.js,keep
core/ccm/validate/validateTemplateArtifact.js,core/ccm/validate/validateTemplateArtifact.js,keep
core/ccm/validate/validateTemplateArtifact.ts,core/ccm/validate/validateTemplateArtifact.ts,keep
core/contracts/EngineContract.js,core/contracts/EngineContract.js,keep
core/contracts/ExportContract.js,core/contracts/ExportContract.js,keep
core/contracts/TimelineContract.js,core/contracts/TimelineContract.js,keep
core/contracts/WorkspaceContract.js,core/contracts/WorkspaceContract.js,keep
core/events/README.md,core/events/README.md,keep
core/events/applyEvent.js,core/events/applyEvent.js,keep
core/events/eventTypes.js,core/events/eventTypes.js,keep
core/events/reducers/animationReducers.js,core/events/reducers/animationReducers.js,keep
core/events/reducers/componentStateReducers.js,core/events/reducers/componentStateReducers.js,keep
core/events/reducers/index.js,core/events/reducers/index.js,keep
core/events/reducers/interactionReducers.js,core/events/reducers/interactionReducers.js,keep
core/events/reducers/layoutReducers.js,core/events/reducers/layoutReducers.js,keep
core/events/reducers/nodeReducers.js,core/events/reducers/nodeReducers.js,keep
core/events/reducers/stateReducers.js,core/events/reducers/stateReducers.js,keep
core/events/reducers/styleReducers.js,core/events/reducers/styleReducers.js,keep
core/events/reducers/timelineReducers 2.js,core/events/reducers/timelineReducers 2.js,keep
core/events/reducers/timelineReducers.js,core/events/reducers/timelineReducers.js,keep
core/events/reducers/transitionReducers.js,core/events/reducers/transitionReducers.js,keep
core/events/reducers/treeReducers.js,core/events/reducers/treeReducers.js,keep
core/history/historyStack.js,core/history/historyStack.js,keep
core/interactions/InteractionSchema.js,core/interactions/InteractionSchema.js,keep
core/ir/BaseIR.js,core/ir/BaseIR.js,keep
core/ir/ComponentIR.js,core/ir/ComponentIR.js,keep
core/ir/DesignIR.js,core/ir/DesignIR.js,keep
core/ir/InteractionIR.js,core/ir/InteractionIR.js,keep
core/ir/MotionIR.js,core/ir/MotionIR.js,keep
core/ir/SemanticIR.js,core/ir/SemanticIR.js,keep
core/ir/StateIR.js,core/ir/StateIR.js,keep
core/ir/index.js,core/ir/index.js,keep
core/messageBus.js,core/messageBus.js,keep
core/nodes/createNode.js,core/nodes/createNode.js,keep
core/scene/node.js,core/scene/node.js,keep
core/scene/nodeTypes.js,core/scene/nodeTypes.js,keep
core/transitions/README.md,core/transitions/README.md,keep
core/transitions/transitionSchema.js,core/transitions/transitionSchema.js,keep
core/variants/validateVariantSnapshot.ts,core/variants/validateVariantSnapshot.ts,keep
design/reducer/designReducer.js,design/reducer/designReducer.js,keep
design/reducer/nodeContentReducer.js,design/reducer/nodeContentReducer.js,keep
design/reducer/nodeLayoutReducer.js,design/reducer/nodeLayoutReducer.js,keep
design/reducer/nodeLifecycleReducer.js,design/reducer/nodeLifecycleReducer.js,keep
design/reducer/nodeStructureReducer.js,design/reducer/nodeStructureReducer.js,keep
design/reducer/nodeStyleReducer.js,design/reducer/nodeStyleReducer.js,keep
design/state/createDesignState.js,design/state/createDesignState.js,keep
design/state/createNode.js,design/state/createNode.js,keep
design/test/replayTest.js,design/test/replayTest.js,keep
docs/README.md,docs/README.md,keep
docs/add-a-tool.md,docs/add-a-tool.md,keep
docs/ai/ccm-v1-ai-generation-prompt-contract.md,docs/ai/ccm-v1-ai-generation-prompt-contract.md,keep
docs/animate-between-states.md,docs/animate-between-states.md,keep
docs/architecture.md,docs/architecture.md,keep
docs/architecture/why-not-realtime-yet.md,docs/architecture/why-not-realtime-yet.md,keep
docs/contributor-onboarding.md,docs/contributor-onboarding.md,keep
docs/deployment-strategy.md,docs/deployment-strategy.md,keep
docs/dropple-ui-architecture/README.md,docs/dropple-ui-architecture/README.md,keep
docs/failure-modes.md,docs/failure-modes.md,keep
docs/invariants/N1.1-ownership-membership.md,docs/invariants/N1.1-ownership-membership.md,keep
docs/marketplace/ccm-marketplace-eligibility.md,docs/marketplace/ccm-marketplace-eligibility.md,keep
docs/migrations/ccm-migration-approval.md,docs/migrations/ccm-migration-approval.md,keep
docs/migrations/legacy-only-flag.md,docs/migrations/legacy-only-flag.md,keep
docs/migrations/legacy-to-ccm-implementation-plan.md,docs/migrations/legacy-to-ccm-implementation-plan.md,keep
docs/migrations/legacy-to-ccm.md,docs/migrations/legacy-to-ccm.md,keep
docs/migrations/migration-audit-report.md,docs/migrations/migration-audit-report.md,keep
docs/migrations/reorg-file-map.csv,docs/migrations/reorg-file-map.csv,keep
docs/phase-2-project-board.md,docs/phase-2-project-board.md,keep
docs/phase-4h-audit-checklist.md,docs/phase-4h-audit-checklist.md,keep
docs/phase-4h-playback.md,docs/phase-4h-playback.md,keep
docs/phase-7-diff-plan.md,docs/phase-7-diff-plan.md,keep
docs/phases/N1-completion.md,docs/phases/N1-completion.md,keep
docs/phases/N1.2-members-role-changes.md,docs/phases/N1.2-members-role-changes.md,keep
docs/phases/N3-realtime-editing.md,docs/phases/N3-realtime-editing.md,keep
docs/public-overview.md,docs/public-overview.md,keep
docs/rules.md,docs/rules.md,keep
docs/session-recap-ux-mode.md,docs/session-recap-ux-mode.md,keep
docs/tool-compliance-checklist.md,docs/tool-compliance-checklist.md,keep
docs/tool-contracts.md,docs/tool-contracts.md,keep
docs/transition-ui/README.md,docs/transition-ui/README.md,keep
docs/ui-implementation-checklist.md,docs/ui-implementation-checklist.md,keep
docs/ui-phase-1-states.md,docs/ui-phase-1-states.md,keep
docs/ui-phase-2-transition-preview.md,docs/ui-phase-2-transition-preview.md,keep
docs/ui-phase-2-transitions.md,docs/ui-phase-2-transitions.md,keep
docs/ui-phase-3-interactions.md,docs/ui-phase-3-interactions.md,keep
docs/ui-phase-4-animations.md,docs/ui-phase-4-animations.md,keep
docs/ux-mode/README.md,docs/ux-mode/README.md,keep
docs/ux-mode/anti-patterns.md,docs/ux-mode/anti-patterns.md,keep
docs/ux-mode/authority.md,docs/ux-mode/authority.md,keep
docs/ux-mode/confirm-tier.md,docs/ux-mode/confirm-tier.md,keep
docs/ux-mode/intent-and-escalation.md,docs/ux-mode/intent-and-escalation.md,keep
docs/ux-mode/lock.md,docs/ux-mode/lock.md,keep
docs/ux-mode/overview.md,docs/ux-mode/overview.md,keep
docs/ux-mode/phase-3.md,docs/ux-mode/phase-3.md,keep
docs/ux-mode/phase-4-escalation.md,docs/ux-mode/phase-4-escalation.md,keep
docs/ux-mode/phase-4-warnings.md,docs/ux-mode/phase-4-warnings.md,keep
docs/ux-mode/phase-4.md,docs/ux-mode/phase-4.md,keep
docs/ux-mode/phase-5-implementation-plan.md,docs/ux-mode/phase-5-implementation-plan.md,keep
docs/ux-mode/phase-5-leakage-audit.md,docs/ux-mode/phase-5-leakage-audit.md,keep
docs/ux-mode/phase-5.md,docs/ux-mode/phase-5.md,keep
docs/ux-mode/phase-6-leakage-audit.md,docs/ux-mode/phase-6-leakage-audit.md,keep
docs/ux-mode/phase-6.md,docs/ux-mode/phase-6.md,keep
docs/ux-mode/phases.md,docs/ux-mode/phases.md,keep
editor/openServerDocument.js,editor/openServerDocument.js,keep
education/AnnotationOverlay.js,education/AnnotationOverlay.js,keep
education/AnnotationOverlay.jsx,education/AnnotationOverlay.jsx,keep
education/AnnotationPanel.js,education/AnnotationPanel.js,keep
education/AnnotationStore.js,education/AnnotationStore.js,keep
education/EducationAnnotationsContext.jsx,education/EducationAnnotationsContext.jsx,keep
education/EducationCursorContext.jsx,education/EducationCursorContext.jsx,keep
education/EducationInspector.jsx,education/EducationInspector.jsx,keep
education/EducationTimelinePanel.jsx,education/EducationTimelinePanel.jsx,keep
education/EducationToolbar.jsx,education/EducationToolbar.jsx,keep
education/ai/ExplanationAgent.js,education/ai/ExplanationAgent.js,keep
education/ai/QAAgent.js,education/ai/QAAgent.js,keep
education/ai/buildEvidenceContext.js,education/ai/buildEvidenceContext.js,keep
education/ai/buildExplanationPrompt.js,education/ai/buildExplanationPrompt.js,keep
education/ai/buildQAPrompt.js,education/ai/buildQAPrompt.js,keep
education/ai/computeStateDiff.js,education/ai/computeStateDiff.js,keep
education/certification/AssessmentSchema.js,education/certification/AssessmentSchema.js,keep
education/certification/CertificateSchema.js,education/certification/CertificateSchema.js,keep
education/certification/GradingAgent.js,education/certification/GradingAgent.js,keep
education/certification/RubricSchema.js,education/certification/RubricSchema.js,keep
education/certification/SubmissionSchema.js,education/certification/SubmissionSchema.js,keep
education/certification/isCertified.js,education/certification/isCertified.js,keep
education/educationReducer.js,education/educationReducer.js,keep
education/forkLessonToWorkspace.js,education/forkLessonToWorkspace.js,keep
education/lesson/LessonPlayer.js,education/lesson/LessonPlayer.js,keep
education/lesson/LessonSchema.js,education/lesson/LessonSchema.js,keep
education/lesson/downloadLesson.js,education/lesson/downloadLesson.js,keep
education/lesson/exportLesson.js,education/lesson/exportLesson.js,keep
education/lesson/importLesson.js,education/lesson/importLesson.js,keep
education/lesson/selectLessonRange.js,education/lesson/selectLessonRange.js,keep
education/lessonEvents.js,education/lessonEvents.js,keep
education/selectEducationState.js,education/selectEducationState.js,keep
education/useAnnotations.js,education/useAnnotations.js,keep
engine/README.md,engine/README.md,keep
engine/animation/animationIR.js,engine/animation/animationIR.js,keep
engine/animation/compileTimelineToIR.js,engine/animation/compileTimelineToIR.js,keep
engine/animation/easingPresets.js,engine/animation/easingPresets.js,keep
engine/animation/evaluateAnimation.js,engine/animation/evaluateAnimation.js,keep
engine/animation/exporters/exportWebAnimation.js,engine/animation/exporters/exportWebAnimation.js,keep
engine/animation/preview/previewAtTime.js,engine/animation/preview/previewAtTime.js,keep
engine/animation/timelineSchema.js,engine/animation/timelineSchema.js,keep
engine/animation/tools/keyframeTool.js,engine/animation/tools/keyframeTool.js,keep
engine/animation/tools/motionPresets.js,engine/animation/tools/motionPresets.js,keep
engine/animation/tools/trackTool.js,engine/animation/tools/trackTool.js,keep
engine/canvas/nodeTree.js,engine/canvas/nodeTree.js,keep
engine/constraints/constraintEngine.js,engine/constraints/constraintEngine.js,keep
engine/constraints/resizeConstraintEngine.js,engine/constraints/resizeConstraintEngine.js,keep
engine/constraints/selectionBounds.js,engine/constraints/selectionBounds.js,keep
engine/constraints/selectionBounds.test.mjs,engine/constraints/selectionBounds.test.mjs,keep
engine/constraints/snapUtils.js,engine/constraints/snapUtils.js,keep
engine/ir/extractCanvasIR.js,engine/ir/extractCanvasIR.js,keep
engine/ir/extractComponentIR.js,engine/ir/extractComponentIR.js,keep
engine/ir/extractDesignIR.js,engine/ir/extractDesignIR.js,keep
engine/ir/extractInteractionIR.js,engine/ir/extractInteractionIR.js,keep
engine/ir/extractMotionIR.js,engine/ir/extractMotionIR.js,keep
engine/ir/extractSemanticIR.js,engine/ir/extractSemanticIR.js,keep
engine/ir/extractStateIR.js,engine/ir/extractStateIR.js,keep
engine/layout/computeReorderIndex.js,engine/layout/computeReorderIndex.js,keep
engine/layout/findDropTarget.js,engine/layout/findDropTarget.js,keep
engine/layout/isAutoLayoutChild.js,engine/layout/isAutoLayoutChild.js,keep
engine/measure/measureChildrenBounds.js,engine/measure/measureChildrenBounds.js,keep
engine/measure/measureText.js,engine/measure/measureText.js,keep
engine/scene/nodeTree.js,engine/scene/nodeTree.js,keep
engine/timeline/commitTimeline.js,engine/timeline/commitTimeline.js,keep
engine/timeline/flattenTimeline.js,engine/timeline/flattenTimeline.js,keep
engine/timeline/timeline.js,engine/timeline/timeline.js,keep
eslint.config.mjs,eslint.config.mjs,keep
export/ExportDiffViewer.jsx,export/ExportDiffViewer.jsx,keep
export/animation/__tests__/exportAnimation.test.js,export/animation/__tests__/exportAnimation.test.js,keep
export/animation/css/exportCSSKeyframes.js,export/animation/css/exportCSSKeyframes.js,keep
export/animation/exportAnimation.js,export/animation/exportAnimation.js,keep
export/animation/normalizeAnimationExport.js,export/animation/normalizeAnimationExport.js,keep
export/animation/waapi/exportWAAPI.js,export/animation/waapi/exportWAAPI.js,keep
export/css/exportCSS.js,export/css/exportCSS.js,keep
export/diffLines.js,export/diffLines.js,keep
export/evaluateAnimationForExport.js,export/evaluateAnimationForExport.js,keep
export/exportJSON.js,export/exportJSON.js,keep
export/exportMotion.js,export/exportMotion.js,keep
export/generateExportPair.js,export/generateExportPair.js,keep
export/normalizeExport.js,export/normalizeExport.js,keep
export/png/exportPNG.js,export/png/exportPNG.js,keep
export/svg/exportSVG.js,export/svg/exportSVG.js,keep
export/svg/renderNodeToSVG.js,export/svg/renderNodeToSVG.js,keep
export/utils/download.js,export/utils/download.js,keep
export/verify/verifyCssKeyframes.js,export/verify/verifyCssKeyframes.js,keep
export/verify/verifyMotionExport.js,export/verify/verifyMotionExport.js,keep
export/verify/verifyWaapiOutput.js,export/verify/verifyWaapiOutput.js,keep
export/waapi/exportWAAPI.js,export/waapi/exportWAAPI.js,keep
gallery/GalleryFilters.jsx,gallery/GalleryFilters.jsx,keep
gallery/galleryStore.js,gallery/galleryStore.js,keep
gallery/generateThumbnail.js,gallery/generateThumbnail.js,keep
gallery/publishToGallery.js,gallery/publishToGallery.js,keep
gallery/tagUtils.js,gallery/tagUtils.js,keep
gallery/useGalleryIdentity.js,gallery/useGalleryIdentity.js,keep
gallery/usePublishToServer.js,gallery/usePublishToServer.js,keep
import/importJSON.js,import/importJSON.js,keep
import/svg/parseSVG.js,import/svg/parseSVG.js,keep
input/InputSessionManager.js,input/InputSessionManager.js,keep
input/pointerMap.js,input/pointerMap.js,keep
input/sessions/AnimationCreateClipSession.js,input/sessions/AnimationCreateClipSession.js,keep
input/sessions/AnimationCreateKeyframeSession.js,input/sessions/AnimationCreateKeyframeSession.js,keep
input/sessions/AnimationCreateTrackSession.js,input/sessions/AnimationCreateTrackSession.js,keep
input/sessions/AnimationDeleteKeyframeSession.js,input/sessions/AnimationDeleteKeyframeSession.js,keep
input/sessions/AnimationUpdateKeyframeSession.js,input/sessions/AnimationUpdateKeyframeSession.js,keep
input/sessions/DrawSession.js,input/sessions/DrawSession.js,keep
input/sessions/MoveSession.js,input/sessions/MoveSession.js,keep
input/sessions/ResizeSession.js,input/sessions/ResizeSession.js,keep
input/sessions/TextSession.js,input/sessions/TextSession.js,keep
input/types.js,input/types.js,keep
inspector/InspectorSection.jsx,inspector/InspectorSection.jsx,keep
inspector/sections/AnimationInspector.jsx,inspector/sections/AnimationInspector.jsx,keep
inspector/sections/CommonInspector.jsx,inspector/sections/CommonInspector.jsx,keep
inspector/sections/GraphicInspector.jsx,inspector/sections/GraphicInspector.jsx,keep
inspector/sections/UIInspector.jsx,inspector/sections/UIInspector.jsx,keep
interaction/InteractionController.js,interaction/InteractionController.js,keep
interaction/KeyboardController.js,interaction/KeyboardController.js,keep
interaction/SelectionModel.js,interaction/SelectionModel.js,keep
interaction/geometry/computeBoundingBox.js,interaction/geometry/computeBoundingBox.js,keep
interaction/guides/GuideOverlay.js,interaction/guides/GuideOverlay.js,keep
interaction/guides/computeSnapPoints.js,interaction/guides/computeSnapPoints.js,keep
interaction/guides/snapPosition.js,interaction/guides/snapPosition.js,keep
interaction/hitTest.js,interaction/hitTest.js,keep
interaction/measurements/MeasurementOverlay.js,interaction/measurements/MeasurementOverlay.js,keep
interaction/measurements/computeMeasurements.js,interaction/measurements/computeMeasurements.js,keep
interaction/renderResizeHandles.js,interaction/renderResizeHandles.js,keep
interaction/renderSelection.js,interaction/renderSelection.js,keep
interaction/rulers/RulerOverlay.js,interaction/rulers/RulerOverlay.js,keep
interaction/rulers/renderRulers.js,interaction/rulers/renderRulers.js,keep
jsconfig.json,jsconfig.json,keep
layout/autoLayoutEngine.js,layout/autoLayoutEngine.js,keep
lib/agents/persistence/messageBusPersistence.js,lib/agents/persistence/messageBusPersistence.js,keep
marketplace/LessonListingSchema.js,marketplace/LessonListingSchema.js,keep
marketplace/LessonVersionSchema.js,marketplace/LessonVersionSchema.js,keep
marketplace/MarketplaceFilterBar.jsx,marketplace/MarketplaceFilterBar.jsx,keep
marketplace/ReviewSchema.js,marketplace/ReviewSchema.js,keep
marketplace/TemplateCard.jsx,marketplace/TemplateCard.jsx,keep
marketplace/collections.js,marketplace/collections.js,keep
marketplace/filterTemplates.js,marketplace/filterTemplates.js,keep
marketplace/lessons/LessonFilterBar.jsx,marketplace/lessons/LessonFilterBar.jsx,keep
marketplace/lessons/filterLessons.js,marketplace/lessons/filterLessons.js,keep
marketplace/lessons/lessonCollections.js,marketplace/lessons/lessonCollections.js,keep
marketplace/lessons/useLessonFilters.js,marketplace/lessons/useLessonFilters.js,keep
marketplace/mockLessons.js,marketplace/mockLessons.js,keep
marketplace/mockTemplates.js,marketplace/mockTemplates.js,keep
marketplace/useMarketplaceFilters.js,marketplace/useMarketplaceFilters.js,keep
marketplace/useOwnershipStore.js,marketplace/useOwnershipStore.js,keep
multiplayer/ClassroomSession.js,multiplayer/ClassroomSession.js,keep
multiplayer/ObserverReceiver.js,multiplayer/ObserverReceiver.js,keep
multiplayer/TeacherBroadcaster.js,multiplayer/TeacherBroadcaster.js,keep
multiplayer/protocol.js,multiplayer/protocol.js,keep
next.config.mjs,next.config.mjs,keep
onboarding/ModeHint.jsx,onboarding/ModeHint.jsx,keep
onboarding/modeHints.js,onboarding/modeHints.js,keep
onboarding/useModeOnboarding.js,onboarding/useModeOnboarding.js,keep
onboarding/useOnboardingState.js,onboarding/useOnboardingState.js,keep
package-lock.json,package-lock.json,keep
package.json,package.json,keep
perf/PerfHUD.jsx,perf/PerfHUD.jsx,keep
perf/perfTracker 2.js,perf/perfTracker 2.js,keep
perf/perfTracker.js,perf/perfTracker.js,keep
persistence/activeDocument.js,persistence/activeDocument.js,keep
persistence/appendRuntimeEvents.js,persistence/appendRuntimeEvents.js,keep
persistence/branching.js,persistence/branching.js,keep
persistence/checkpoints.js,persistence/checkpoints.js,keep
persistence/documentCommands.js,persistence/documentCommands.js,keep
persistence/documentFiles.js,persistence/documentFiles.js,keep
persistence/documentRegistry.js,persistence/documentRegistry.js,keep
persistence/documentSchema.js,persistence/documentSchema.js,keep
persistence/loadDocument.js,persistence/loadDocument.js,keep
persistence/loadDocumentFromConvex.js,persistence/loadDocumentFromConvex.js,keep
persistence/localDocumentSchema.js,persistence/localDocumentSchema.js,keep
persistence/localDocumentStore.js,persistence/localDocumentStore.js,keep
persistence/mergeBranch.js,persistence/mergeBranch.js,keep
persistence/replay.js,persistence/replay.js,keep
persistence/saveCurrentDocument.js,persistence/saveCurrentDocument.js,keep
persistence/saveDocument.js,persistence/saveDocument.js,keep
persistence/schema_v1.js,persistence/schema_v1.js,keep
persistence/useAutosave.js,persistence/useAutosave.js,keep
plugins/capabilityFactory.js,plugins/capabilityFactory.js,keep
plugins/executionGuards.js,plugins/executionGuards.js,keep
plugins/plugin-worker.js,plugins/plugin-worker.js,keep
plugins/pluginAPI.js,plugins/pluginAPI.js,keep
plugins/pluginManifest.js,plugins/pluginManifest.js,keep
plugins/pluginPermissions.js,plugins/pluginPermissions.js,keep
plugins/pluginRegistry.js,plugins/pluginRegistry.js,keep
plugins/pluginSupervisor.js,plugins/pluginSupervisor.js,keep
plugins/securePluginAPI.js,plugins/securePluginAPI.js,keep
plugins/types.js,plugins/types.js,keep
plugins/workerSandbox.js,plugins/workerSandbox.js,keep
postcss.config.mjs,postcss.config.mjs,keep
profiles/EditProfile.jsx,profiles/EditProfile.jsx,keep
profiles/creatorStore.js,profiles/creatorStore.js,keep
profiles/currentCreator.js,profiles/currentCreator.js,keep
profiles/linkLocalCreator.js,profiles/linkLocalCreator.js,keep
providers/ConvexProvider.jsx,providers/ConvexProvider.jsx,keep
public/file.svg,public/file.svg,keep
public/globe.svg,public/globe.svg,keep
public/next.svg,public/next.svg,keep
public/vercel.svg,public/vercel.svg,keep
public/window.svg,public/window.svg,keep
review/AssessmentContent.jsx,review/AssessmentContent.jsx,keep
review/AssessmentReviewLayout.jsx,review/AssessmentReviewLayout.jsx,keep
review/ReviewToolbar.jsx,review/ReviewToolbar.jsx,keep
review/panels/AnnotationPanel.jsx,review/panels/AnnotationPanel.jsx,keep
review/panels/RubricPanel.jsx,review/panels/RubricPanel.jsx,keep
review/panels/SubmissionInfoPanel.jsx,review/panels/SubmissionInfoPanel.jsx,keep
runtime/MessageBus.js,runtime/MessageBus.js,keep
runtime/README.md,runtime/README.md,keep
runtime/animation/__tests__/runAnimationPreview.test.js,runtime/animation/__tests__/runAnimationPreview.test.js,keep
runtime/animation/animationController.js,runtime/animation/animationController.js,keep
runtime/animation/cancelAnimationPreview.js,runtime/animation/cancelAnimationPreview.js,keep
runtime/animation/easing.js,runtime/animation/easing.js,keep
runtime/animation/interpolateNodes.js,runtime/animation/interpolateNodes.js,keep
runtime/animation/lerp.js,runtime/animation/lerp.js,keep
runtime/animation/playbackController.js,runtime/animation/playbackController.js,keep
runtime/animation/runAnimationPreview.js,runtime/animation/runAnimationPreview.js,keep
runtime/bridge/attachSessionCommitBridge.js,runtime/bridge/attachSessionCommitBridge.js,keep
runtime/bridge/selectRenderState.js,runtime/bridge/selectRenderState.js,keep
runtime/bridge/zustandBridge.js,runtime/bridge/zustandBridge.js,keep
runtime/cursor/createCursor.js,runtime/cursor/createCursor.js,keep
runtime/cursor/resolveCursor.js,runtime/cursor/resolveCursor.js,keep
runtime/dispatcher/dispatch.js,runtime/dispatcher/dispatch.js,keep
runtime/dispatcher/history.js,runtime/dispatcher/history.js,keep
runtime/dispatcher/ux/emitUXWarning.js,runtime/dispatcher/ux/emitUXWarning.js,keep
runtime/dispatcher/ux/observeUXIntent.js,runtime/dispatcher/ux/observeUXIntent.js,keep
runtime/dispatcher/ux/shouldConfirmUXAction.js,runtime/dispatcher/ux/shouldConfirmUXAction.js,keep
runtime/dispatcher/ux/uxAuditLog.js,runtime/dispatcher/ux/uxAuditLog.js,keep
runtime/dispatcher/ux/uxConfirmBus.js,runtime/dispatcher/ux/uxConfirmBus.js,keep
runtime/dispatcher/ux/uxIntentMap.js,runtime/dispatcher/ux/uxIntentMap.js,keep
runtime/dispatcher/ux/uxWarningBus.js,runtime/dispatcher/ux/uxWarningBus.js,keep
runtime/eventDispatcher.js,runtime/eventDispatcher.js,keep
runtime/events/EventSequencer.js,runtime/events/EventSequencer.js,keep
runtime/events/createEventId.js,runtime/events/createEventId.js,keep
runtime/events/getEventsUpToCursor.js,runtime/events/getEventsUpToCursor.js,keep
runtime/guards/animationGuard.js,runtime/guards/animationGuard.js,keep
runtime/guards/authorityGuard.js,runtime/guards/authorityGuard.js,keep
runtime/guards/timelineGuard.js,runtime/guards/timelineGuard.js,keep
runtime/interactions/resolveInteraction.js,runtime/interactions/resolveInteraction.js,keep
runtime/layout/applyLayoutPass.js,runtime/layout/applyLayoutPass.js,keep
runtime/layout/shouldRunLayout.js,runtime/layout/shouldRunLayout.js,keep
runtime/macro/macroRecorder.js,runtime/macro/macroRecorder.js,keep
runtime/preview/getTransitionForPreview.js,runtime/preview/getTransitionForPreview.js,keep
runtime/preview/runTransitionPreview.js,runtime/preview/runTransitionPreview.js,keep
runtime/registry/engineRegistry.js,runtime/registry/engineRegistry.js,keep
runtime/replay/__tests__/animationPreviewReplay.test.js,runtime/replay/__tests__/animationPreviewReplay.test.js,keep
runtime/replay/getDesignStateAtCursor.js,runtime/replay/getDesignStateAtCursor.js,keep
runtime/replay/reconstructDesignState.js,runtime/replay/reconstructDesignState.js,keep
runtime/replay/useReplayState.js,runtime/replay/useReplayState.js,keep
runtime/replay/withReplayGuard.js,runtime/replay/withReplayGuard.js,keep
runtime/state/runtimeState.js,runtime/state/runtimeState.js,keep
runtime/state/workspaceState.js,runtime/state/workspaceState.js,keep
runtime/stores/README.md,runtime/stores/README.md,keep
runtime/stores/nodeTreeStore.js,runtime/stores/nodeTreeStore.js,keep
runtime/stores/useAnimatedRuntimeStore.js,runtime/stores/useAnimatedRuntimeStore.js,keep
runtime/stores/useRuntimeStore.js,runtime/stores/useRuntimeStore.js,keep
runtime/stores/useTimelinePreviewStore.js,runtime/stores/useTimelinePreviewStore.js,keep
runtime/sync/README.md,runtime/sync/README.md,keep
runtime/test/cursorReplayTest.js,runtime/test/cursorReplayTest.js,keep
runtime/test/playbackControllerTest.js,runtime/test/playbackControllerTest.js,keep
runtime/timeline/README.md,runtime/timeline/README.md,keep
runtime/timeline/clearTimelinePreview.js,runtime/timeline/clearTimelinePreview.js,keep
runtime/timeline/easingPresets.js,runtime/timeline/easingPresets.js,keep
runtime/timeline/evaluateTimeline.js,runtime/timeline/evaluateTimeline.js,keep
runtime/timeline/scrubTimeline.js,runtime/timeline/scrubTimeline.js,keep
scratch/input-session-loader.mjs,scratch/input-session-loader.mjs,keep
scratch/mockMessageBus.mjs,scratch/mockMessageBus.mjs,keep
scratch/test-dispatcher.mjs,scratch/test-dispatcher.mjs,keep
scratch/test-events.mjs,scratch/test-events.mjs,keep
scratch/test-input-session-manager.mjs,scratch/test-input-session-manager.mjs,keep
scratch/test-input-sessions.mjs,scratch/test-input-sessions.mjs,keep
scripts/build-ccm-validator.sh,scripts/build-ccm-validator.sh,keep
scripts/ci/check-ccm-validator-sync.sh,scripts/ci/check-ccm-validator-sync.sh,keep
scripts/ci/check-no-pre-dispatch-event-ids.sh,scripts/ci/check-no-pre-dispatch-event-ids.sh,keep
scripts/ci/check-single-message-bus.sh,scripts/ci/check-single-message-bus.sh,keep
scripts/ci/check-ux-phase-5-guardrails.sh,scripts/ci/check-ux-phase-5-guardrails.sh,keep
scripts/ci/check-ux-phase-6-guardrails.sh,scripts/ci/check-ux-phase-6-guardrails.sh,keep
scripts/defineScript.js,scripts/defineScript.js,keep
scripts/reorg-file-map.cjs,scripts/reorg-file-map.cjs,keep
scripts/runScript.js,scripts/runScript.js,keep
scripts/scriptAPI.js,scripts/scriptAPI.js,keep
scripts/scriptGuards.js,scripts/scriptGuards.js,keep
security/permissions.js,security/permissions.js,keep
security/usePermissions.js,security/usePermissions.js,keep
selection/useSelectionStore.js,selection/useSelectionStore.js,keep
share/createEmbedCode.js,share/createEmbedCode.js,keep
share/createShareLink.js,share/createShareLink.js,keep
share/embedPresets.js,share/embedPresets.js,keep
stability/EditorErrorBoundary.jsx,stability/EditorErrorBoundary.jsx,keep
stability/GlobalErrorBoundary.jsx,stability/GlobalErrorBoundary.jsx,keep
stack/client.js,stack/client.js,keep
stack/server.js,stack/server.js,keep
templates/TemplateGeneratorOverlay.jsx,templates/TemplateGeneratorOverlay.jsx,keep
templates/TemplateSerializer.js,templates/TemplateSerializer.js,keep
templates/TemplateValidator.js,templates/TemplateValidator.js,keep
templates/artifacts/realestate.hero.motion.v1.json,templates/artifacts/realestate.hero.motion.v1.json,keep
templates/converters/legacyToCCM.ts,templates/converters/legacyToCCM.ts,keep
templates/converters/types.ts,templates/converters/types.ts,keep
templates/legacy/types.ts,templates/legacy/types.ts,keep
templates/templateTypes.js,templates/templateTypes.js,keep
templates/useTemplateGenerator.js,templates/useTemplateGenerator.js,keep
tests/README.md,tests/README.md,keep
tests/ccm/validateTemplateArtifact.smoke.test.js,tests/ccm/validateTemplateArtifact.smoke.test.js,keep
timeline/__tests__/evaluateAnimationTimeline.test.js,timeline/__tests__/evaluateAnimationTimeline.test.js,keep
timeline/applyTimelinePreview.js,timeline/applyTimelinePreview.js,keep
timeline/commitTimelineKeyframe.js,timeline/commitTimelineKeyframe.js,keep
timeline/easing/easingPresets.js,timeline/easing/easingPresets.js,keep
timeline/easingMath.js,timeline/easingMath.js,keep
timeline/easingRegistry.js,timeline/easingRegistry.js,keep
timeline/evaluateAnimationTimeline.js,timeline/evaluateAnimationTimeline.js,keep
timeline/evaluateAnimationTrack.js,timeline/evaluateAnimationTrack.js,keep
timeline/evaluateTimeline.js,timeline/evaluateTimeline.js,keep
timeline/export/cssExporter.js,timeline/export/cssExporter.js,keep
timeline/export/groupMotionFrames.js,timeline/export/groupMotionFrames.js,keep
timeline/export/motionIR.js,timeline/export/motionIR.js,keep
timeline/keyboard/useTimelineKeyboard.js,timeline/keyboard/useTimelineKeyboard.js,keep
timeline/keyframeSchema.js,timeline/keyframeSchema.js,keep
timeline/markers/MarkerControls.jsx,timeline/markers/MarkerControls.jsx,keep
timeline/markers/useTimelineMarkers.js,timeline/markers/useTimelineMarkers.js,keep
timeline/motionPresets.js,timeline/motionPresets.js,keep
timeline/normalize/normalizeKeyframes.js,timeline/normalize/normalizeKeyframes.js,keep
timeline/playback/PlaybackControls.jsx,timeline/playback/PlaybackControls.jsx,keep
timeline/playback/usePlaybackPreviewBridge.js,timeline/playback/usePlaybackPreviewBridge.js,keep
timeline/playback/useTimelinePlayback.js,timeline/playback/useTimelinePlayback.js,keep
timeline/resolveEasing.js,timeline/resolveEasing.js,keep
timeline/sampleKeyframes.js,timeline/sampleKeyframes.js,keep
timeline/sampleTimeline.js,timeline/sampleTimeline.js,keep
timeline/schema/clip.js,timeline/schema/clip.js,keep
timeline/schema/keyframe.js,timeline/schema/keyframe.js,keep
timeline/schema/timeline.js,timeline/schema/timeline.js,keep
timeline/schema/track.js,timeline/schema/track.js,keep
timeline/timelineCursor.js,timeline/timelineCursor.js,keep
timeline/timelineProjection.js,timeline/timelineProjection.js,keep
timeline/timelineSchema.js,timeline/timelineSchema.js,keep
timeline/timelineScrubber.js,timeline/timelineScrubber.js,keep
timeline/trackSchema.js,timeline/trackSchema.js,keep
timeline/transform/composeTransform.js,timeline/transform/composeTransform.js,keep
timeline/ui/useCommitKeyframeDrag.js,timeline/ui/useCommitKeyframeDrag.js,keep
timeline/ui/useKeyframeDragPreview.js,timeline/ui/useKeyframeDragPreview.js,keep
timeline/ui/useKeyframePointer.js,timeline/ui/useKeyframePointer.js,keep
timeline/ui/useTimelineBounds.js,timeline/ui/useTimelineBounds.js,keep
timeline/ui/useTimelineSelectionStore.js,timeline/ui/useTimelineSelectionStore.js,keep
timeline/ui/useTimelineSnapping.js,timeline/ui/useTimelineSnapping.js,keep
timeline/utils/findActiveClips.js,timeline/utils/findActiveClips.js,keep
tool-ux.md,tool-ux.md,keep
tree_L5.txt,tree_L5.txt,keep
ui/Canvas.jsx,ui/Canvas.jsx,keep
ui/Control.jsx,ui/Control.jsx,keep
ui/Controls.jsx,ui/Controls.jsx,keep
ui/NodeView.jsx,ui/NodeView.jsx,keep
ui/Panel.jsx,ui/Panel.jsx,keep
ui/README.md,ui/README.md,keep
ui/alignment/alignmentUtils.js,ui/alignment/alignmentUtils.js,keep
ui/animation/applyWebAnimations.js,ui/animation/applyWebAnimations.js,keep
ui/animation/curves/CurveCanvas.jsx,ui/animation/curves/CurveCanvas.jsx,keep
ui/animation/curves/CurveEditorPanel.jsx,ui/animation/curves/CurveEditorPanel.jsx,keep
ui/animation/curves/CurveHandle.jsx,ui/animation/curves/CurveHandle.jsx,keep
ui/animation/curves/CurvePresetPicker.jsx,ui/animation/curves/CurvePresetPicker.jsx,keep
ui/animation/curves/commitCurveChange.js,ui/animation/curves/commitCurveChange.js,keep
ui/canvas/CanvasGhostLayer.jsx,ui/canvas/CanvasGhostLayer.jsx,keep
ui/canvas/CanvasHost.jsx,ui/canvas/CanvasHost.jsx,keep
ui/canvas/CanvasRoot.jsx,ui/canvas/CanvasRoot.jsx,keep
ui/canvas/CanvasSnapGuides.jsx,ui/canvas/CanvasSnapGuides.jsx,keep
ui/canvas/CollabLayer.jsx,ui/canvas/CollabLayer.jsx,keep
ui/canvas/GhostLayer.jsx,ui/canvas/GhostLayer.jsx,keep
ui/canvas/GhostNode.jsx,ui/canvas/GhostNode.jsx,keep
ui/canvas/GuideLayer.jsx,ui/canvas/GuideLayer.jsx,keep
ui/canvas/InsertionLine.jsx,ui/canvas/InsertionLine.jsx,keep
ui/canvas/NodeLayer.jsx,ui/canvas/NodeLayer.jsx,keep
ui/canvas/NodeRenderer 2.jsx,ui/canvas/NodeRenderer 2.jsx,keep
ui/canvas/NodeRenderer.jsx,ui/canvas/NodeRenderer.jsx,keep
ui/canvas/RemoteCursors.jsx,ui/canvas/RemoteCursors.jsx,keep
ui/canvas/RemoteSelections.jsx,ui/canvas/RemoteSelections.jsx,keep
ui/canvas/SelectionLayer.jsx,ui/canvas/SelectionLayer.jsx,keep
ui/canvas/SelectionOutline.jsx,ui/canvas/SelectionOutline.jsx,keep
ui/canvas/canvas/AutoLayoutOverlayLayer.jsx,ui/canvas/canvas/AutoLayoutOverlayLayer.jsx,keep
ui/canvas/canvas/SnapGuidesOverlay.jsx,ui/canvas/canvas/SnapGuidesOverlay.jsx,keep
ui/canvas/canvas/computeSnapGuides.js,ui/canvas/canvas/computeSnapGuides.js,keep
ui/canvas/canvas/overlays/GapOverlay.jsx,ui/canvas/canvas/overlays/GapOverlay.jsx,keep
ui/canvas/canvas/overlays/GridOverlay.jsx,ui/canvas/canvas/overlays/GridOverlay.jsx,keep
ui/canvas/canvas/overlays/PaddingOverlay.jsx,ui/canvas/canvas/overlays/PaddingOverlay.jsx,keep
ui/canvas/canvas/overlays/ReorderIndicator.jsx,ui/canvas/canvas/overlays/ReorderIndicator.jsx,keep
ui/canvas/canvas/resolveGridSnap.js,ui/canvas/canvas/resolveGridSnap.js,keep
ui/canvas/canvas/resolveSnap.js,ui/canvas/canvas/resolveSnap.js,keep
ui/canvas/canvas/snapConfig.js,ui/canvas/canvas/snapConfig.js,keep
ui/canvas/canvas/useAutoLayoutOverlayVisibility.js,ui/canvas/canvas/useAutoLayoutOverlayVisibility.js,keep
ui/canvasBus.js,ui/canvasBus.js,keep
ui/capabilities/capabilityActions.js,ui/capabilities/capabilityActions.js,keep
ui/context/ContextMenu.jsx,ui/context/ContextMenu.jsx,keep
ui/context/useContextMenu.js,ui/context/useContextMenu.js,keep
ui/controls/AspectLockToggle.jsx,ui/controls/AspectLockToggle.jsx,keep
ui/controls/ui/badge.jsx,ui/controls/ui/badge.jsx,keep
ui/controls/ui/button.jsx,ui/controls/ui/button.jsx,keep
ui/controls/ui/card.jsx,ui/controls/ui/card.jsx,keep
ui/controls/ui/textarea.jsx,ui/controls/ui/textarea.jsx,keep
ui/creation/creationResolver.js,ui/creation/creationResolver.js,keep
ui/export/exportMotion.js,ui/export/exportMotion.js,keep
ui/files/FilePicker.jsx,ui/files/FilePicker.jsx,keep
ui/inputs/NumericInput.jsx,ui/inputs/NumericInput.jsx,keep
ui/inspector/AutoLayoutPanel.jsx,ui/inspector/AutoLayoutPanel.jsx,keep
ui/inspector/LayoutInspector.jsx,ui/inspector/LayoutInspector.jsx,keep
ui/interaction/dispatcher.js,ui/interaction/dispatcher.js,keep
ui/interaction/interaction/isModifierAllowed.js,ui/interaction/interaction/isModifierAllowed.js,keep
ui/interaction/interaction/useInteractionModifiers.js,ui/interaction/interaction/useInteractionModifiers.js,keep
ui/interaction/interaction/useKeyboardShortcuts.js,ui/interaction/interaction/useKeyboardShortcuts.js,keep
ui/interaction/sessionBinding.js,ui/interaction/sessionBinding.js,keep
ui/keyboard/useAlignmentShortcuts.js,ui/keyboard/useAlignmentShortcuts.js,keep
ui/keyboard/useKeyboardNudge.js,ui/keyboard/useKeyboardNudge.js,keep
ui/layout/CanvasStage.jsx,ui/layout/CanvasStage.jsx,keep
ui/layout/LeftPanel.jsx,ui/layout/LeftPanel.jsx,keep
ui/layout/PropertyBar.jsx,ui/layout/PropertyBar.jsx,keep
ui/layout/ReadOnlyNodeRenderer.jsx,ui/layout/ReadOnlyNodeRenderer.jsx,keep
ui/layout/ReadOnlyScene.jsx,ui/layout/ReadOnlyScene.jsx,keep
ui/layout/RightPanel.jsx,ui/layout/RightPanel.jsx,keep
ui/layout/TimelineBar.jsx,ui/layout/TimelineBar.jsx,keep
ui/layout/Toolbar.jsx,ui/layout/Toolbar.jsx,keep
ui/layout/TopBar.jsx,ui/layout/TopBar.jsx,keep
ui/layout/computeFlexLayout.js,ui/layout/computeFlexLayout.js,keep
ui/layout/computeGridLayout.js,ui/layout/computeGridLayout.js,keep
ui/layout/computeReorderIndex.js,ui/layout/computeReorderIndex.js,keep
ui/panels/AutoLayoutPanel.js,ui/panels/AutoLayoutPanel.js,keep
ui/panels/ExportPanel.jsx,ui/panels/ExportPanel.jsx,keep
ui/reviews/ConfirmDecision.jsx,ui/reviews/ConfirmDecision.jsx,keep
ui/reviews/IssueCertificateButton.jsx,ui/reviews/IssueCertificateButton.jsx,keep
ui/reviews/ReviewQueue.jsx,ui/reviews/ReviewQueue.jsx,keep
ui/selection/SelectionBox.jsx,ui/selection/SelectionBox.jsx,keep
ui/selection/selectionBounds.js,ui/selection/selectionBounds.js,keep
ui/share/EmbedPresetsMenu.jsx,ui/share/EmbedPresetsMenu.jsx,keep
ui/shared/guards/RequireReviewer.jsx,ui/shared/guards/RequireReviewer.jsx,keep
ui/shared/guards/ReviewerErrorBoundary.jsx,ui/shared/guards/ReviewerErrorBoundary.jsx,keep
ui/styles/globals.css,ui/styles/globals.css,keep
ui/timeline/EditableKeyframe.jsx,ui/timeline/EditableKeyframe.jsx,keep
ui/timeline/KeyframeDots.jsx,ui/timeline/KeyframeDots.jsx,keep
ui/timeline/TimelineEventLog.jsx,ui/timeline/TimelineEventLog.jsx,keep
ui/timeline/TimelinePanel.jsx,ui/timeline/TimelinePanel.jsx,keep
ui/timeline/TimelinePlayhead.jsx,ui/timeline/TimelinePlayhead.jsx,keep
ui/timeline/TimelineScrubber.jsx,ui/timeline/TimelineScrubber.jsx,keep
ui/timeline/TimelineTimeScale.jsx,ui/timeline/TimelineTimeScale.jsx,keep
ui/timeline/TimelineTrack.jsx,ui/timeline/TimelineTrack.jsx,keep
ui/timeline/TimelineTrackList.jsx,ui/timeline/TimelineTrackList.jsx,keep
ui/timeline/TimelineTracks.jsx,ui/timeline/TimelineTracks.jsx,keep
ui/timeline/applyTimelinePreview.js,ui/timeline/applyTimelinePreview.js,keep
ui/timeline/editEventBridge.js,ui/timeline/editEventBridge.js,keep
ui/timeline/samplePreviewState.js,ui/timeline/samplePreviewState.js,keep
ui/timeline/useTimelinePreviewBridge.js,ui/timeline/useTimelinePreviewBridge.js,keep
ui/timeline/useTimelinePreviewStore.js,ui/timeline/useTimelinePreviewStore.js,keep
ui/timeline/useTimelineStore.js,ui/timeline/useTimelineStore.js,keep
ui/tokens.js,ui/tokens.js,keep
ui/tools/createFrameTool.js,ui/tools/createFrameTool.js,keep
ui/tools/createLayerTool.js,ui/tools/createLayerTool.js,keep
ui/tools/createShapeTool.js,ui/tools/createShapeTool.js,keep
ui/tools/defaultCreateTool.js,ui/tools/defaultCreateTool.js,keep
ui/workspace/shared/ClipboardContext.jsx,ui/workspace/shared/ClipboardContext.jsx,keep
ui/workspace/shared/EditorWorkspaceShell.jsx,ui/workspace/shared/EditorWorkspaceShell.jsx,keep
ui/workspace/shared/GridContext.jsx,ui/workspace/shared/GridContext.jsx,keep
ui/workspace/shared/ModeContext.jsx,ui/workspace/shared/ModeContext.jsx,keep
ui/workspace/shared/SelectionContext.jsx,ui/workspace/shared/SelectionContext.jsx,keep
ui/workspace/shared/UXWorkspaceShell.jsx,ui/workspace/shared/UXWorkspaceShell.jsx,keep
ui/workspace/shared/WorkspaceLayout.jsx,ui/workspace/shared/WorkspaceLayout.jsx,keep
ui/workspace/shared/WorkspaceShell.jsx,ui/workspace/shared/WorkspaceShell.jsx,keep
ui/workspace/shared/pasteFromClipboard.js,ui/workspace/shared/pasteFromClipboard.js,keep
ui/workspace/shared/serializeSelection.js,ui/workspace/shared/serializeSelection.js,keep
ui/workspace/shared/useAutoLayoutCommit.js,ui/workspace/shared/useAutoLayoutCommit.js,keep
ui/workspace/shell/ModeLoader.jsx,ui/workspace/shell/ModeLoader.jsx,keep
ui/workspace/shell/WorkspaceShell.jsx,ui/workspace/shell/WorkspaceShell.jsx,keep
ui/workspace/ux/UXInspectorPanel.jsx,ui/workspace/ux/UXInspectorPanel.jsx,keep
utils/safeMutation.js,utils/safeMutation.js,keep
viewer/ViewerStage.jsx,viewer/ViewerStage.jsx,keep
viewer/ViewerToolbar.jsx,viewer/ViewerToolbar.jsx,keep
viewer/parseViewerParams.js,viewer/parseViewerParams.js,keep
viewer/useViewerControls.js,viewer/useViewerControls.js,keep
workspace/DispatcherContext.jsx,workspace/DispatcherContext.jsx,keep
workspace/WorkspaceRoot/DispatcherProvider/Bridges/WorkspaceBridgesRoot.jsx,workspace/WorkspaceRoot/DispatcherProvider/Bridges/WorkspaceBridgesRoot.jsx,keep
workspace/WorkspaceRoot/DispatcherProvider/Canvas/WorkspaceCanvasRoot.jsx,workspace/WorkspaceRoot/DispatcherProvider/Canvas/WorkspaceCanvasRoot.jsx,keep
workspace/WorkspaceRoot/DispatcherProvider/DispatcherContext.jsx,workspace/WorkspaceRoot/DispatcherProvider/DispatcherContext.jsx,keep
workspace/WorkspaceRoot/DispatcherProvider/DispatcherProvider.jsx,workspace/WorkspaceRoot/DispatcherProvider/DispatcherProvider.jsx,keep
workspace/WorkspaceRoot/DispatcherProvider/Sessions/WorkspaceSessionsRoot.jsx,workspace/WorkspaceRoot/DispatcherProvider/Sessions/WorkspaceSessionsRoot.jsx,keep
workspace/WorkspaceRoot/DispatcherProvider/UI/UXConfirmModal.jsx,workspace/WorkspaceRoot/DispatcherProvider/UI/UXConfirmModal.jsx,keep
workspace/WorkspaceRoot/DispatcherProvider/UI/UXWarningBanner.jsx,workspace/WorkspaceRoot/DispatcherProvider/UI/UXWarningBanner.jsx,keep
workspace/WorkspaceRoot/DispatcherProvider/UI/WorkspaceUIRoot.jsx,workspace/WorkspaceRoot/DispatcherProvider/UI/WorkspaceUIRoot.jsx,keep
workspace/WorkspaceRoot/WorkspaceRoot.jsx,workspace/WorkspaceRoot/WorkspaceRoot.jsx,keep
workspace/WorkspaceRoot/createEventDispatcher.js,workspace/WorkspaceRoot/createEventDispatcher.js,keep
workspace/WorkspaceShell.js,workspace/WorkspaceShell.js,keep
workspace/createFromTemplate.js,workspace/createFromTemplate.js,keep
workspace/test/workspaceShellTest.html,workspace/test/workspaceShellTest.html,keep
workspace/timeline/TimelineUI.js,workspace/timeline/TimelineUI.js,keep
workspaces/README.md,workspaces/README.md,keep
workspaces/modes/ModeAdapter.js,workspaces/modes/ModeAdapter.js,keep
workspaces/modes/ModeRegistry.js,workspaces/modes/ModeRegistry.js,keep
workspaces/modes/designMode.js,workspaces/modes/designMode.js,keep
workspaces/modes/educationMode.js,workspaces/modes/educationMode.js,keep
workspaces/modes/podcastMode.js,workspaces/modes/podcastMode.js,keep
workspaces/modes/registerModes.js,workspaces/modes/registerModes.js,keep
workspaces/modes/reviewMode.js,workspaces/modes/reviewMode.js,keep
workspaces/modes/videoMode.js,workspaces/modes/videoMode.js,keep
workspaces/modes/writerMode.js,workspaces/modes/writerMode.js,keep
workspaces/registry.js,workspaces/registry.js,keep
workspaces/registry/WorkspaceDefinition.js,workspaces/registry/WorkspaceDefinition.js,keep
workspaces/registry/animationWorkspace.js,workspaces/registry/animationWorkspace.js,keep
workspaces/registry/brandingWorkspace.js,workspaces/registry/brandingWorkspace.js,keep
workspaces/registry/conversionWorkspace.js,workspaces/registry/conversionWorkspace.js,keep
workspaces/registry/devWorkspace.js,workspaces/registry/devWorkspace.js,keep
workspaces/registry/documentWorkspace.js,workspaces/registry/documentWorkspace.js,keep
workspaces/registry/educationWorkspace.js,workspaces/registry/educationWorkspace.js,keep
workspaces/registry/graphicWorkspace.js,workspaces/registry/graphicWorkspace.js,keep
workspaces/registry/iconWorkspace.js,workspaces/registry/iconWorkspace.js,keep
workspaces/registry/index.js,workspaces/registry/index.js,keep
workspaces/registry/materialWorkspace.js,workspaces/registry/materialWorkspace.js,keep
workspaces/registry/podcastWorkspace.js,workspaces/registry/podcastWorkspace.js,keep
workspaces/registry/resolveWorkspacePolicy.js,workspaces/registry/resolveWorkspacePolicy.js,keep
workspaces/registry/routes.js,workspaces/registry/routes.js,keep
workspaces/registry/timelineCapability.js,workspaces/registry/timelineCapability.js,keep
workspaces/registry/uiuxWorkspace.js,workspaces/registry/uiuxWorkspace.js,keep
workspaces/registry/videoWorkspace.js,workspaces/registry/videoWorkspace.js,keep